district,year,median_log_sqm_price,mean_log_sqm_price,std_log_sqm_price,n_transactions,median_sqm,median_purchase_price,pct_change_median
Amager,1992,8.623725,8.637255,0.32362583,73,100.0,620200.0,0.0
Amager,1993,8.965995,9.206016,0.80349165,147,89.0,878540.0,0.0
Amager,1994,8.842119,9.158404,0.8982423,115,99.0,847000.0,0.0
Amager,1995,8.878304,9.278611,0.97118163,134,92.0,847755.0,0.0
Amager,1996,8.790269,8.779288,0.4347357,125,94.0,603500.0,0.0
Amager,1997,9.000645,9.091295,0.6835676,162,78.0,770153.0,0.0
Amager,1998,9.14272,9.144424,0.4265934,179,80.0,729000.0,0.0
Amager,1999,9.264872,9.180935,0.45951265,156,89.5,834000.0,0.0
Amager,2000,9.388646,9.372446,0.45247167,148,88.0,1013979.5,0.0
Amager,2001,9.559158,9.472142,0.33241257,163,80.0,1042194.0,0.0
Amager,2002,9.671759,9.701531,0.6073949,192,79.0,1252500.0,0.0
Amager,2003,9.760111,9.695069,0.33708537,233,93.0,1484540.0,0.0
Amager,2004,9.860928,9.819012,0.34614193,267,92.0,1812970.0,0.0
Amager,2005,10.061193,10.001811,0.46023068,380,97.0,2200000.0,0.0
Amager,2006,10.264781,10.228407,0.31464675,291,93.0,2575000.0,0.0
Amager,2007,10.210687,10.188552,0.33413568,368,92.5,2594610.0,0.0
Amager,2008,10.097778,10.06403,0.35654968,236,100.5,2535000.0,-3.0
Amager,2009,9.982737,9.927601,0.34048358,245,106.0,2275000.0,-4.0
Amager,2010,10.053356,10.046149,0.29378793,378,107.0,2592500.0,0.0
Amager,2011,10.044393,10.0329,0.33238617,409,102.0,2500000.0,-2.0
Amager,2012,10.081374,10.0565405,0.33157533,537,108.0,2675000.0,-2.0
Amager,2013,10.222595,10.191072,0.32348013,653,107.0,2900000.0,0.0
Amager,2014,10.275068,10.26679,0.28227505,834,104.0,3047500.0,0.0
Amager,2015,10.333913,10.328234,0.2808406,979,97.0,3020000.0,0.0
Amager,2016,10.4151745,10.419564,0.26082337,958,96.0,3225000.0,0.0
Amager,2017,10.520923,10.513597,0.24860393,541,95.0,3450000.0,-1.0
Amager,2018,10.557414,10.559063,0.23695374,1154,94.0,3600000.0,-1.0
Amager,2019,10.545862,10.544319,0.26535043,1221,93.0,3565000.0,-2.0
Amager,2020,10.6124,10.627645,0.2187681,1695,92.0,3650000.0,-1.0
Amager,2021,10.730492,10.739473,0.19530046,1820,89.0,3995000.0,0.0
Amager,2022,10.750932,10.757239,0.21637833,1172,81.0,3800000.0,-2.0
Amager,2023,10.716208,10.719808,0.20889136,1525,82.0,3625000.0,-3.0
Amager,2024,10.76629,10.768577,0.22748104,1045,86.0,3995000.0,-1.0
Bispebjerg,1992,8.714824,8.727347,0.21429913,16,121.0,754000.0,0.0
Bispebjerg,1993,8.70027,8.729662,0.26525202,30,118.5,795000.0,0.0
Bispebjerg,1994,8.776772,8.745749,0.24200462,36,114.0,805000.5,0.0
Bispebjerg,1995,8.874847,8.822649,0.3351596,42,121.0,857300.0,0.0
Bispebjerg,1996,8.773742,8.77472,0.39152893,30,99.0,704820.0,0.0
Bispebjerg,1997,9.019458,8.984777,0.44234616,33,96.0,755000.0,0.0
Bispebjerg,1998,9.273398,9.294165,0.48567402,57,79.0,1334913.0,0.0
Bispebjerg,1999,9.400726,9.421586,0.57765,46,85.5,875000.0,0.0
Bispebjerg,2000,9.458467,9.481813,0.3056245,42,89.5,1150000.0,0.0
Bispebjerg,2001,9.631271,9.673244,0.4311349,60,98.5,1587500.0,0.0
Bispebjerg,2002,9.657043,9.641844,0.24798429,54,80.5,1320150.0,0.0
Bispebjerg,2003,9.7715,9.836591,0.40690112,54,80.5,1580770.0,0.0
Bispebjerg,2004,9.7972975,9.770459,0.31131688,54,72.0,1200000.0,0.0
Bispebjerg,2005,10.069782,10.056915,0.25863624,65,81.0,1775000.0,0.0
Bispebjerg,2006,10.165641,10.13015,0.30483356,48,101.5,2400000.0,0.0
Bispebjerg,2007,10.104198,10.0891905,0.23390119,74,89.0,2005000.0,0.0
Bispebjerg,2008,10.086626,10.138928,0.3732791,65,85.0,2645000.0,-2.0
Bispebjerg,2009,9.752596,9.776062,0.25778064,32,109.0,2120000.0,-5.5
Bispebjerg,2010,9.834871,9.842612,0.37098745,102,129.0,2800000.0,0.0
Bispebjerg,2011,9.926835,9.948224,0.25863552,51,103.0,2400000.0,-4.0
Bispebjerg,2012,9.873449,9.839568,0.40038005,86,99.0,1926118.0,-4.0
Bispebjerg,2013,10.004742,10.139031,0.45631647,104,91.0,2637500.0,-2.0
Bispebjerg,2014,10.040171,10.118677,0.34658563,141,84.0,2175000.0,0.0
Bispebjerg,2015,10.166775,10.173997,0.23503907,200,63.5,1642500.0,0.0
Bispebjerg,2016,10.30357,10.311876,0.25260752,220,72.5,2062500.0,0.0
Bispebjerg,2017,10.463103,10.439661,0.22687383,91,73.0,2400000.0,0.0
Bispebjerg,2018,10.449725,10.412981,0.29268366,197,65.0,2195000.0,0.0
Bispebjerg,2019,10.454135,10.4506445,0.21639314,273,70.0,2269000.0,-2.0
Bispebjerg,2020,10.518673,10.511386,0.1973403,337,64.0,2250000.0,0.0
Bispebjerg,2021,10.648589,10.631965,0.22757271,366,62.5,2595000.0,0.0
Bispebjerg,2022,10.672156,10.645289,0.23674303,280,64.0,2600500.0,-2.0
Bispebjerg,2023,10.637457,10.621796,0.21224104,307,63.0,2475000.0,-2.0
Bispebjerg,2024,10.705368,10.685099,0.2035968,231,62.0,2600000.0,0.0
Brønshøj-Husum,1992,8.703623,8.666007,0.40523866,48,114.5,652525.0,0.0
Brønshøj-Husum,1993,8.881836,8.898379,0.3956691,75,105.0,837000.0,0.0
Brønshøj-Husum,1994,8.869831,8.799926,0.40083152,82,111.0,801995.5,0.0
Brønshøj-Husum,1995,8.986501,9.109131,0.68037754,82,108.5,932517.5,0.0
Brønshøj-Husum,1996,9.140732,9.042974,0.30267102,85,107.0,933000.0,0.0
Brønshøj-Husum,1997,9.110694,9.066329,0.37610456,86,110.5,1044695.0,0.0
Brønshøj-Husum,1998,9.301815,9.358177,0.5322806,103,111.0,1250000.0,0.0
Brønshøj-Husum,1999,9.438562,9.408119,0.34762797,87,106.0,1381797.0,0.0
Brønshøj-Husum,2000,9.439836,9.443048,0.38523847,108,112.0,1438000.0,0.0
Brønshøj-Husum,2001,9.637512,9.535942,0.54576355,78,117.0,1701056.0,0.0
Brønshøj-Husum,2002,9.6459255,9.620028,0.285629,84,99.0,1506370.0,0.0
Brønshøj-Husum,2003,9.706778,9.720286,0.43053642,109,101.0,1888415.0,0.0
Brønshøj-Husum,2004,9.797327,9.738131,0.34399664,103,100.0,1845000.0,0.0
Brønshøj-Husum,2005,10.066245,10.054445,0.28086516,111,100.0,2550000.0,0.0
Brønshøj-Husum,2006,10.264893,10.228212,0.3882636,93,101.0,2975000.0,0.0
Brønshøj-Husum,2007,10.194895,10.150895,0.35226426,108,96.0,2695000.0,0.0
Brønshøj-Husum,2008,10.140054,10.087825,0.35297996,91,108.0,2775000.0,-5.0
Brønshøj-Husum,2009,9.906096,9.866869,0.37449914,120,114.5,2422500.0,-7.0
Brønshøj-Husum,2010,9.9749565,9.9622,0.35175413,118,120.0,2761000.0,-2.0
Brønshøj-Husum,2011,9.978995,9.948123,0.3867035,121,116.0,2720000.0,-6.0
Brønshøj-Husum,2012,9.954098,9.886292,0.41843665,149,117.0,2600000.0,-4.0
Brønshøj-Husum,2013,10.087916,10.048203,0.3213467,173,115.0,2900000.0,-3.0
Brønshøj-Husum,2014,10.09437,10.082262,0.3598425,227,110.0,2800000.0,-3.0
Brønshøj-Husum,2015,10.143438,10.169839,0.34065136,261,100.0,2850000.0,-1.0
Brønshøj-Husum,2016,10.219237,10.227805,0.36082456,251,105.0,3095000.0,-2.0
Brønshøj-Husum,2017,10.34089,10.345067,0.34196484,150,98.5,3335000.0,-1.0
Brønshøj-Husum,2018,10.378686,10.385445,0.28625923,343,100.0,3490000.0,-1.0
Brønshøj-Husum,2019,10.416428,10.408851,0.29440895,288,104.0,3715000.0,-2.0
Brønshøj-Husum,2020,10.485028,10.482576,0.27488852,387,106.0,4000000.0,-2.0
Brønshøj-Husum,2021,10.563776,10.565961,0.30278522,378,88.0,3725000.0,0.0
Brønshøj-Husum,2022,10.559097,10.567271,0.30927137,251,87.0,3300000.0,-2.0
Brønshøj-Husum,2023,10.509624,10.533735,0.3376264,305,87.0,3550000.0,-3.0
Brønshøj-Husum,2024,10.603383,10.582678,0.405351,221,91.0,3395000.0,-1.0
Indre By,1992,8.972269,9.203763,0.8494692,56,103.0,929000.0,0.0
Indre By,1993,9.033408,9.45297,0.90217793,54,105.0,1085000.0,0.0
Indre By,1994,9.799418,9.641193,0.92258424,80,86.0,1550000.0,0.0
Indre By,1995,9.423947,9.690924,0.9531262,87,122.0,1600000.0,0.0
Indre By,1996,9.366344,9.674336,0.75838935,95,88.0,1366000.0,0.0
Indre By,1997,9.383488,9.633978,0.7076246,99,92.0,1424672.0,0.0
Indre By,1998,9.401379,9.496677,0.5971588,58,98.0,1214859.0,0.0
Indre By,1999,9.597502,9.715072,0.60497,85,110.0,1505000.0,0.0
Indre By,2000,10.017922,10.077091,0.62903863,117,100.0,2710000.0,0.0
Indre By,2001,9.893055,9.9026985,0.38988355,107,108.0,2315000.0,0.0
Indre By,2002,9.961506,10.013862,0.34744745,95,103.0,2245000.0,0.0
Indre By,2003,10.038761,10.092738,0.2980804,104,112.5,2458100.0,0.0
Indre By,2004,10.125723,10.137377,0.43416375,99,103.0,2595000.0,0.0
Indre By,2005,10.306535,10.297303,0.3613447,111,103.0,3000000.0,0.0
Indre By,2006,10.529383,10.517587,0.30873778,89,96.0,3895000.0,0.0
Indre By,2007,10.425451,10.375748,0.31363994,74,107.5,3500000.0,0.0
Indre By,2008,10.33794,10.318701,0.46515095,55,112.0,3450000.0,0.0
Indre By,2009,10.200326,10.2503395,0.31746376,84,99.5,2840000.0,-1.0
Indre By,2010,10.288988,10.269728,0.29644808,126,111.0,3200000.0,-2.0
Indre By,2011,10.279836,10.323675,0.36250216,127,96.0,3150000.0,-2.0
Indre By,2012,10.3055105,10.290985,0.36897153,157,110.0,3099000.0,0.0
Indre By,2013,10.449648,10.4400215,0.26460305,234,108.5,3650000.0,0.0
Indre By,2014,10.511228,10.484103,0.27761483,244,109.0,3675000.0,0.0
Indre By,2015,10.594107,10.598719,0.2173605,343,100.0,4100000.0,0.0
Indre By,2016,10.682188,10.667576,0.21011262,274,103.0,4387500.0,0.0
Indre By,2017,10.811869,10.798893,0.21834843,172,106.0,4612500.0,-1.0
Indre By,2018,10.826535,10.79834,0.21847278,293,99.0,4995000.0,-2.0
Indre By,2019,10.835046,10.7802725,0.2865833,361,92.0,4300000.0,-2.0
Indre By,2020,10.888771,10.864205,0.2135751,483,93.0,4675000.0,-1.0
Indre By,2021,11.0119095,10.98185,0.16706057,506,94.0,5497500.0,0.0
Indre By,2022,11.050804,10.996074,0.22998302,304,85.0,5160964.5,-2.0
Indre By,2023,11.014839,10.985211,0.16792344,407,82.0,4900000.0,-3.0
Indre By,2024,11.027105,11.01381,0.15106481,274,83.0,4997500.0,-2.0
Nørrebro,1992,10.414313,9.79963,1.1493295,27,102.0,5900000.0,0.0
Nørrebro,1993,10.003017,9.920592,0.83717436,73,85.0,950000.0,0.0
Nørrebro,1994,10.231779,10.136101,0.8444587,102,86.5,2070420.0,0.0
Nørrebro,1995,9.374653,9.300846,0.63197577,64,68.0,1066000.0,0.0
Nørrebro,1996,9.473532,9.496751,1.0016967,86,83.5,1210000.0,0.0
Nørrebro,1997,9.962328,9.727246,0.8701461,86,70.0,1400000.0,0.0
Nørrebro,1998,9.354639,9.543919,0.61857307,72,67.0,1221760.0,0.0
Nørrebro,1999,9.667626,9.884181,0.71278155,78,58.0,1624255.0,0.0
Nørrebro,2000,9.574332,9.90501,0.7554321,62,89.0,1236500.0,0.0
Nørrebro,2001,10.32523,10.269235,0.7006056,81,81.0,2927261.0,0.0
Nørrebro,2002,9.676233,9.686502,0.19697161,34,68.5,1206000.0,0.0
Nørrebro,2003,9.808177,9.977331,0.57206136,47,70.0,1650000.0,0.0
Nørrebro,2004,9.854581,9.944242,0.43171194,58,70.0,1322500.0,0.0
Nørrebro,2005,10.126631,10.098133,0.32105154,69,71.0,1685000.0,0.0
Nørrebro,2006,10.2697315,10.090392,0.606922,49,61.0,1850000.0,0.0
Nørrebro,2007,10.174644,10.121088,0.26888534,46,72.5,1772500.0,-4.0
Nørrebro,2008,10.093356,10.035152,0.28856266,35,64.0,1400000.0,0.0
Nørrebro,2009,9.876088,9.828605,0.20090741,37,74.0,1400000.0,-4.0
Nørrebro,2010,9.938253,9.881313,0.3130463,60,72.0,1342500.0,0.0
Nørrebro,2011,10.056141,10.099817,0.4490993,65,68.0,1500000.0,-3.0
Nørrebro,2012,10.014927,9.9519,0.31475767,91,67.0,1475000.0,-3.0
Nørrebro,2013,10.119507,10.078275,0.29403853,88,63.0,1537500.0,0.0
Nørrebro,2014,10.23462,10.219469,0.29660276,154,61.0,1740000.0,-0.5
Nørrebro,2015,10.3930435,10.362231,0.28947836,176,60.0,1950000.0,-1.0
Nørrebro,2016,10.505109,10.473471,0.25660253,178,62.0,2250000.0,0.0
Nørrebro,2017,10.644574,10.554811,0.35221708,93,60.0,2495000.0,-1.0
Nørrebro,2018,10.642054,10.574173,0.3346805,270,61.0,2497500.0,-2.0
Nørrebro,2019,10.647217,10.6222725,0.2089515,318,63.0,2750000.0,-2.0
Nørrebro,2020,10.718602,10.695008,0.2635676,477,62.0,2850000.0,0.0
Nørrebro,2021,10.855581,10.831469,0.22769293,562,61.0,3147500.0,0.0
Nørrebro,2022,10.873124,10.871037,0.19126453,385,60.0,3200000.0,-2.0
Nørrebro,2023,10.839388,10.825759,0.22122715,530,59.0,3000000.0,-2.0
Nørrebro,2024,10.900753,10.897616,0.17386954,316,58.0,3150000.0,-1.0
Valby,1992,8.787176,9.009929,0.78166693,46,103.5,754375.0,0.0
Valby,1993,8.6955385,8.722738,0.44826028,63,92.0,635000.0,0.0
Valby,1994,8.810921,9.120631,0.8119083,84,89.5,815025.5,0.0
Valby,1995,8.816541,8.797343,0.27117786,68,102.5,698900.0,0.0
Valby,1996,8.935704,8.905244,0.3856565,59,100.0,762000.0,0.0
Valby,1997,9.11552,9.149241,0.52486145,101,91.0,1093200.0,0.0
Valby,1998,9.263247,9.613847,0.8414501,119,84.0,1203000.0,0.0
Valby,1999,9.48639,9.789971,0.7527741,115,81.0,1538639.0,0.0
Valby,2000,9.487731,9.602223,0.4648057,118,99.5,1600898.5,0.0
Valby,2001,9.5849,9.570377,0.44069204,78,99.5,1546500.0,0.0
Valby,2002,9.633663,9.58498,0.31381336,75,113.0,1550000.0,0.0
Valby,2003,9.707916,9.695955,0.35199526,96,97.0,1697500.0,0.0
Valby,2004,9.842505,9.853174,0.39144513,91,87.0,1775000.0,0.0
Valby,2005,10.08959,10.067434,0.34733734,97,88.0,2400000.0,0.0
Valby,2006,10.302644,10.307771,0.300647,107,93.0,2800000.0,0.0
Valby,2007,10.199882,10.21951,0.22167324,85,96.0,2850000.0,0.0
Valby,2008,10.068853,10.088833,0.27062133,99,101.0,2500000.0,-5.0
Valby,2009,9.969085,9.951034,0.36519635,113,106.0,2245000.0,-4.0
Valby,2010,10.111816,10.079229,0.3045063,129,112.0,2750000.0,-3.0
Valby,2011,10.116664,10.066311,0.33514568,119,123.0,2950000.0,-5.0
Valby,2012,10.040018,9.996908,0.3101673,180,115.5,2500000.0,-4.0
Valby,2013,10.114794,10.089037,0.3690959,188,115.0,2900000.0,-3.0
Valby,2014,10.203991,10.159171,0.30898708,226,106.0,2897500.0,-2.0
Valby,2015,10.294203,10.261925,0.2968702,308,91.0,2900000.0,0.0
Valby,2016,10.361668,10.334601,0.27874646,320,90.0,3097500.0,-1.0
Valby,2017,10.483076,10.459904,0.29170373,216,91.5,3300000.0,-1.0
Valby,2018,10.47835,10.472067,0.2758637,456,91.5,3425000.0,-1.0
Valby,2019,10.49386,10.4912,0.2564048,518,91.0,3497500.0,-1.0
Valby,2020,10.560917,10.553821,0.26111987,614,87.0,3400000.0,0.0
Valby,2021,10.693991,10.67334,0.22104429,596,78.0,3533250.0,0.0
Valby,2022,10.693484,10.6671915,0.2420655,397,75.0,3250000.0,-2.0
Valby,2023,10.679861,10.669665,0.23860829,534,77.0,3410000.0,-2.0
Valby,2024,10.734316,10.721779,0.23011503,428,80.0,3602500.0,-1.5
Vanløse,1992,8.78902,8.747402,0.29365224,45,107.0,722000.0,0.0
Vanløse,1993,8.730812,8.733067,0.2973421,52,108.0,673000.0,0.0
Vanløse,1994,8.772846,8.742595,0.24838126,63,118.0,768000.0,0.0
Vanløse,1995,8.868967,8.902053,0.62298936,64,118.0,835072.5,0.0
Vanløse,1996,8.96958,8.9605465,0.3408458,70,107.5,866000.0,0.0
Vanløse,1997,9.080917,9.092992,0.26878688,88,100.5,1000000.0,0.0
Vanløse,1998,9.221873,9.245019,0.5236471,75,100.0,1260195.0,0.0
Vanløse,1999,9.334032,9.384667,0.34387022,64,103.0,1313511.0,0.0
Vanløse,2000,9.552831,9.638874,0.46280563,69,108.0,1600000.0,0.0
Vanløse,2001,9.538844,9.523852,0.35986733,69,104.0,1480102.0,0.0
Vanløse,2002,9.665555,9.679266,0.26019734,84,100.5,1800000.0,0.0
Vanløse,2003,9.712408,9.6609745,0.2827998,102,98.0,1586368.5,0.0
Vanløse,2004,9.818472,9.797995,0.2571218,84,97.5,1798000.0,0.0
Vanløse,2005,10.113783,10.091874,0.36560848,122,104.5,2589500.0,0.0
Vanløse,2006,10.267536,10.292308,0.25044096,75,107.0,2850000.0,0.0
Vanløse,2007,10.193585,10.156013,0.32810068,88,109.0,2900000.0,-2.0
Vanløse,2008,10.126631,10.15668,0.29211888,69,100.0,2876717.0,-5.0
Vanløse,2009,9.940302,9.92854,0.27514884,93,115.0,2375000.0,-6.0
Vanløse,2010,10.072678,10.062411,0.32978833,132,111.0,2932500.0,-5.0
Vanløse,2011,10.021005,9.992287,0.35330808,116,106.0,2575000.0,-4.0
Vanløse,2012,10.05124,9.991748,0.40217143,157,109.0,2715000.0,-4.0
Vanløse,2013,10.056586,10.08599,0.3206423,190,109.0,2846500.0,-2.0
Vanløse,2014,10.110102,10.133469,0.31582785,183,100.0,2749000.0,-2.0
Vanløse,2015,10.189093,10.214984,0.31187123,226,88.0,2335000.0,0.0
Vanløse,2016,10.296261,10.306893,0.23661916,218,92.0,2837500.0,-1.0
Vanløse,2017,10.414313,10.390184,0.29194844,127,86.0,2750000.0,0.0
Vanløse,2018,10.463103,10.47717,0.2820889,293,82.0,2750000.0,-1.0
Vanløse,2019,10.468271,10.459041,0.29456615,350,82.5,2860000.0,-2.0
Vanløse,2020,10.522066,10.538156,0.21824221,387,83.0,2995000.0,-1.0
Vanløse,2021,10.644907,10.677496,0.23547727,444,72.0,2995000.0,0.0
Vanløse,2022,10.650831,10.65704,0.28791693,272,69.0,2812500.0,-2.0
Vanløse,2023,10.574373,10.58925,0.24869671,370,68.0,2562500.0,-2.0
Vanløse,2024,10.649961,10.658849,0.22246817,270,69.0,2747500.0,-1.0
Vesterbro/Kongens Enghave,1992,9.956506,10.016148,1.1954582,43,58.0,1223161.0,0.0
Vesterbro/Kongens Enghave,1993,9.952678,9.771351,1.020713,84,82.5,2500000.0,0.0
Vesterbro/Kongens Enghave,1994,8.737638,9.146098,0.9802555,48,103.0,796626.0,0.0
Vesterbro/Kongens Enghave,1995,8.669956,8.966667,0.8182686,29,111.0,779835.0,0.0
Vesterbro/Kongens Enghave,1996,8.561843,8.880705,0.8501313,75,81.0,420000.0,0.0
Vesterbro/Kongens Enghave,1997,8.812506,8.979008,0.64745456,42,81.5,461785.0,0.0
Vesterbro/Kongens Enghave,1998,9.073692,9.399952,0.813835,59,107.0,712040.0,0.0
Vesterbro/Kongens Enghave,1999,9.638645,9.728258,0.5775218,69,115.0,2065380.0,0.0
Vesterbro/Kongens Enghave,2000,9.600586,9.821885,0.65005213,49,94.0,1522199.0,0.0
Vesterbro/Kongens Enghave,2001,9.558344,9.58066,0.5136895,60,77.0,1052750.0,0.0
Vesterbro/Kongens Enghave,2002,9.701327,9.711044,0.38720745,65,76.0,1126000.0,0.0
Vesterbro/Kongens Enghave,2003,9.818451,9.774499,0.43057996,57,86.0,1223075.0,0.0
Vesterbro/Kongens Enghave,2004,10.050893,10.110653,0.46353585,139,59.0,1640693.0,0.0
Vesterbro/Kongens Enghave,2005,10.110102,10.136336,0.26967934,149,85.0,2195000.0,0.0
Vesterbro/Kongens Enghave,2006,10.585815,10.456239,0.23650308,192,95.0,3496500.0,0.0
Vesterbro/Kongens Enghave,2007,10.2229185,10.231958,0.24783866,93,90.0,2725000.0,0.0
Vesterbro/Kongens Enghave,2008,10.204089,10.229261,0.264986,61,94.0,2745000.0,-1.0
Vesterbro/Kongens Enghave,2009,10.063635,10.052824,0.3255519,89,99.0,2450000.0,-3.0
Vesterbro/Kongens Enghave,2010,10.138328,10.112862,0.37002492,123,104.0,2700000.0,0.0
Vesterbro/Kongens Enghave,2011,10.106428,10.06941,0.33767197,123,92.0,2100000.0,-3.0
Vesterbro/Kongens Enghave,2012,10.139876,10.089671,0.2989759,155,91.0,2350000.0,-2.0
Vesterbro/Kongens Enghave,2013,10.30188,10.278849,0.369903,190,96.5,2835000.0,0.0
Vesterbro/Kongens Enghave,2014,10.347174,10.3166,0.30211678,253,97.0,3095000.0,0.0
Vesterbro/Kongens Enghave,2015,10.4859495,10.444949,0.30144763,312,92.0,3272500.0,0.0
Vesterbro/Kongens Enghave,2016,10.608936,10.563932,0.2557948,422,97.0,3835500.0,0.0
Vesterbro/Kongens Enghave,2017,10.702087,10.673343,0.23157713,252,94.5,4215324.0,0.0
Vesterbro/Kongens Enghave,2018,10.6656275,10.63846,0.27273962,550,93.0,3875000.0,0.0
Vesterbro/Kongens Enghave,2019,10.708552,10.676226,0.24725756,591,88.0,3915000.0,-1.0
Vesterbro/Kongens Enghave,2020,10.830591,10.800592,0.19662187,940,94.0,4643266.5,0.0
Vesterbro/Kongens Enghave,2021,10.938868,10.923912,0.15354793,1379,93.0,5150000.0,0.0
Vesterbro/Kongens Enghave,2022,10.950037,10.914933,0.20780392,536,85.0,4800000.0,-1.0
Vesterbro/Kongens Enghave,2023,10.927198,10.891248,0.23122767,745,85.0,4805000.0,-2.0
Vesterbro/Kongens Enghave,2024,10.9743,10.941356,0.21186604,518,82.0,4800000.0,-1.0
Østerbro,1992,8.851014,8.987052,0.6122051,86,104.5,806100.0,0.0
Østerbro,1993,8.942275,9.308873,0.8549461,108,135.0,987500.0,0.0
Østerbro,1994,9.11071,9.610098,1.0030794,133,85.0,1470000.0,0.0
Østerbro,1995,8.855644,8.94241,0.51228577,114,95.0,781075.0,0.0
Østerbro,1996,9.200138,9.482251,0.7604165,186,109.0,1425000.0,0.0
Østerbro,1997,9.200921,9.529885,0.84999037,109,97.0,1327069.0,0.0
Østerbro,1998,9.270034,9.29042,0.33702403,98,99.0,1091806.0,0.0
Østerbro,1999,9.585813,9.84302,0.74668384,145,101.0,1968233.0,0.0
Østerbro,2000,9.584587,9.619711,0.43099406,109,110.0,1700000.0,0.0
Østerbro,2001,9.660257,9.592321,0.35682178,105,127.0,1808551.0,0.0
Østerbro,2002,9.790741,9.767876,0.3935071,137,118.0,2000000.0,0.0
Østerbro,2003,9.843768,9.798794,0.36884323,137,108.0,2000000.0,0.0
Østerbro,2004,9.950375,10.076539,0.4471831,172,100.5,2720000.0,0.0
Østerbro,2005,10.212253,10.212231,0.26618755,165,101.0,2795000.0,0.0
Østerbro,2006,10.4664755,10.445261,0.27398297,134,100.5,3314900.0,0.0
Østerbro,2007,10.354268,10.378574,0.278833,133,100.0,3133000.0,0.0
Østerbro,2008,10.214896,10.165003,0.3915086,115,99.0,2740000.0,-3.0
Østerbro,2009,10.099441,10.107346,0.32048136,128,126.0,2920000.0,-4.0
Østerbro,2010,10.1547,10.172754,0.26621407,160,114.0,2825000.0,-3.0
Østerbro,2011,10.213642,10.205573,0.34151837,193,112.0,3125000.0,-3.0
Østerbro,2012,10.201752,10.200108,0.30442142,245,96.0,2799000.0,-3.0
Østerbro,2013,10.315882,10.269963,0.3847177,348,96.0,2895000.0,0.0
Østerbro,2014,10.429466,10.426053,0.31098244,442,97.5,3360625.0,0.0
Østerbro,2015,10.545759,10.496251,0.35931578,527,100.0,3650000.0,0.0
Østerbro,2016,10.604298,10.591393,0.2813668,425,94.0,3815000.0,0.0
Østerbro,2017,10.708157,10.609993,0.43198803,318,84.0,3625000.0,0.0
Østerbro,2018,10.747706,10.719084,0.27512613,600,88.0,3900000.0,-1.0
Østerbro,2019,10.704817,10.671733,0.30805227,710,89.0,3947500.0,-2.0
Østerbro,2020,10.818527,10.801244,0.20905125,959,88.0,4300000.0,-1.0
Østerbro,2021,10.960856,10.938247,0.18590078,1077,87.0,4895000.0,0.0
Østerbro,2022,10.968814,10.939268,0.19352674,667,78.0,4400000.0,-2.0
Østerbro,2023,10.940731,10.923749,0.19666633,909,80.0,4500000.0,-3.0
Østerbro,2024,10.976477,10.957155,0.16190805,523,74.0,4295000.0,-2.0
